timestamp,mem_mb,mem_max_mb,cpu_ms,nr_throttled,pids
0,1,256,9749,194,10
1,1,256,10271,205,10
2,1,256,10797,215,10
3,1,256,11298,225,10
4,1,256,11798,235,10
5,1,256,12297,245,10
6,1,256,12799,255,10
7,1,256,13298,265,10
8,1,256,13798,275,10
9,1,256,14318,286,10
10,1,256,14849,296,10
11,1,256,15347,306,10
12,0,256,15847,316,10
13,0,256,16348,326,10
14,0,256,16848,336,10
15,0,256,17347,346,10
16,0,256,17847,356,10
17,0,256,18351,367,10
18,0,256,18862,377,10
19,0,256,19376,387,10
20,0,256,19895,397,10
21,0,256,20398,407,10
22,0,256,20897,417,10
23,51,256,21397,427,10
24,51,256,21896,437,10
25,101,256,22398,447,10
26,101,256,22896,457,10
27,101,256,23397,467,10
28,101,256,23907,478,10
29,101,256,24424,488,10
30,101,256,24945,498,10
31,101,256,25446,508,10
32,101,256,25947,518,10
33,101,256,26448,528,10
34,101,256,26946,538,10
35,101,256,27448,548,10
36,101,256,27948,558,10
37,101,256,28476,569,10
38,101,256,28999,579,10
39,104,256,29497,589,11
40,104,256,29997,599,11
41,104,256,30496,609,11
42,104,256,30995,619,11
43,103,256,31497,629,11
44,103,256,31997,639,11
45,103,256,32513,650,11
46,103,256,33046,660,11
47,103,256,33548,670,11
48,103,256,34048,680,11
49,103,256,34547,690,11
50,103,256,35048,700,11
51,103,256,35547,710,11
52,103,256,36048,720,11
53,103,256,36569,731,11
54,103,256,37097,741,11
55,103,256,37597,751,11
56,103,256,38097,761,11
57,103,256,38598,771,11
58,103,256,39096,781,11
59,103,256,39597,791,11
60,103,256,40109,802,11
